template_id,name,earliest_start_date
OB3,OB3.19,2025-08-01
OB3,OB3.20,2025-08-15
OB3,OB3.21,2025-08-29
OB3,OB3.22,2025-09-12
OB3,OB3.23,2024-09-26
OB3,OB3.24,2025-10-10
OB3,OB3.25,2025-10-17
OB3,OB3.26,2025-10-24
OB3,OB3.27,2025-10-31
OB3,OB3.28,2025-11-07
OB3,OB3.29,2025-11-14
OB3,OB3.30,2025-11-21
OB3,OB3.31,2025-12-05
OB3,OB3.32,2025-12-12
OB3,OB3.33,2025-12-19
OB3,OB3.34,2026-01-09
OB3,OB3.35,2026-01-23
OB3,OB3.36,2026-01-30
OB3,OB3.37,2026-02-06
OB3,OB3.38,2026-02-13
OB3,OB3.39,2026-02-20
OB3,OB3.40,2026-02-27
OB3,OB3.41,2026-03-06
OB3,OB3.42,2026-03-13
OB3,OB3.43,2026-03-20
OB3,OB3.44,2026-03-27
OB3,OB3.45,2026-04-03
OB3,OB3.46,2026-04-10
OB3,OB3.47,2026-04-17
OB3,OB3.48,2026-04-24
OB3,OB3.49,2026-05-01
OB3,OB3.50,2026-05-08
OB3,OB3.51,2026-05-15
OB3,OB3.52,2026-05-22