mode_code,mode_uuid
S4B,ac84e090-eb38-437d-8ccd-1cdd54d73526
T4B,6b25027e-6e10-40c8-ad2d-e062d7dde1b9
S5B,13dc49f8-1e33-46dd-9e52-2df5a468c837
S60B,77185e3e-4ba4-411f-8ccc-a94e054dced2
S1A,d263fdbe-45b3-47ce-8869-036411098c61
S1B,d160dde2-1cb3-4839-b4ea-96ffdb2391e6
T1A,03516abe-5f6d-4865-b6e7-8920286847c6
T1B,43cd9205-8f44-4e36-babb-e25d16d04402
S2A,abf05aee-294d-49f1-a102-a99749650467
S2B,d9000a7e-affc-48c0-9db0-030aae744428
T2A,377f6778-2536-4c80-bba2-58ea1e9fe818
T2B,c4286b54-c4ad-4e82-b8e5-25cb2c409d53
S3A,2a3b1efb-cecc-41e9-a408-7cb56ec3e433
S3B,ce6d7ca5-53f7-4f8c-bb69-6bbc54f99184
T3A,55c35892-668a-46ec-b631-b9c68475e77e
T3B,697b5f26-5f04-4ad5-9ca7-352aee14e58b
S4A,1ccf1d7a-d555-477c-a16a-000a300743d6
T4A,baaf60f6-8be9-4b4a-b0fa-924dbbc4a5cd
S5A,6e92005d-4922-4b3d-a5cb-243890c3be95
T5A,c60b6532-137f-4b10-87b1-e0c921307baf
T5B,6f06383d-56cc-42c8-8a48-756e1982f879
S6A,3017919e-3667-42e2-b1d1-2f2672daa8c3
T6A,805bdb70-5d1d-4207-ae7a-15547ca0be0b
S7A,71cec530-48e3-4e2f-9ea3-5b69d423b1c2
T7A,1dcdee3e-fb7b-400b-8ae3-a0553acb6535
S8A,27658e95-c45b-49b1-8992-7b6d34d0deeb
T8A,a67b28ff-b2f5-41b6-a69e-d8afd946f092
S9A,48906d21-9287-44b2-9353-9c4482e3b963
T9A,249970e7-3341-4552-88de-bc057a587ab8
T10A,836269c4-19ee-4ce1-b75a-8bd593e139e5
S11A,d0b92791-842f-44b0-8e66-3c49fbb6a2ac
T11A,ca99febb-6637-4161-8f6b-83e960244554
S12A,9c21fb35-b591-44df-afe1-f9f52377b3c9
T12A,a81af64a-7420-40ff-857f-f3997b4aefca
S13A,1702e14f-65a0-4777-8939-63b48e06b669
T13A,2335b45f-a53d-48ca-826c-bd6d4ddefe94
T14A,5896eedb-0322-4707-a22e-81a976dcc350
S15A,a97232f1-993d-45e6-8b78-5278a7f9af0d
T15A,355f3f43-e213-4a48-ad2b-99c3464f2897
T16A,92e80485-3274-49d2-80d2-1ffa7114ad3d
T17A,ac32102b-9914-4a65-97c2-94d283f4535b
T18A,b0c6dd21-095c-44d4-b879-829d35744c52
T19A,ccf36dba-a5c9-4725-8038-f07a6fe9b53d
T20A,5c84e8a2-f91e-460d-82a4-127dbb661688
S21A,761556fa-859f-4acf-af13-1ae2933e25e2
T21A,f444e5c2-425f-4bc2-b999-12fb2383acad
T22A,74660a2d-6ffd-4c48-8363-0c452aeec4be
T23A,ae6c356a-b4d6-4548-a219-cb0d457c6b99
T24A,60e5d69d-33b2-4791-ba82-67262bae8bfd
T24B,d5a4778a-0a41-4abe-bd82-6068cb577c97
T25A,68a8f3a7-fbcd-4ea0-af46-d65cd5942d2c
T25B,16ee99de-2b59-4920-8547-38e54f632c1e
T26A,55a56015-6a38-4440-a227-4d6e96370e27
T26B,a01afe4e-5a00-4f99-bff4-f424041b1f18
T27A,9326f8d5-9db3-429e-858f-c87db23936e1
T27B,c1213151-a7f9-4329-ba6b-d951fe183520
T28A,b2fa5f92-f86d-42ad-961a-a7a3ebadf5b8
T28B,9912b4ba-1ac7-4718-99b2-d0ee50c24d5e
T29A,e129cd13-2e8d-4b7b-b2f3-7f35dcad6db2
T29B,46ad273f-42b2-45e5-aafc-01712aa01ecf
T30A,3435e4e6-4954-4f98-8785-694ff3661516
T30B,477c0da1-f2a9-4b7c-a630-c292d859b39b
T31A,62353888-f385-424e-b1b9-8631869f632a
T31B,23e8a1ba-2e5a-4f0a-bbe9-f83496afc5a6
T32A,61b0e46d-13db-47fe-9d2a-6a3f557817a4
T32B,fffb5163-a9c0-4810-b63c-413ea7cb3370
T33A,3800d037-acd2-404c-8cd5-8d0751b520bd
T33B,93aa8353-bf61-4d4e-91e9-f917e485ce3c
T34A,5959799b-349f-4673-a7ba-679c31709cb7
T34B,1f34579f-2096-4c6c-a028-2ec85ff24b18
T35A,5ed31d73-13ae-4dc0-8c96-5dbd895404af
T35B,820678ea-5346-45bc-978f-402746957c3f
T36A,97bec19d-ea93-405b-bc57-f7e337b92478
T36B,b39790ed-e3f4-4c45-9513-ceeb5144deea
T37A,c163cc8f-6559-4f8e-88ec-5ecf7341d03f
T37B,b6ee0e1f-21d7-423a-80da-e239e7e65c73
T38A,0baec3aa-2746-42ee-b6c4-9d70214e972b
T38B,c8db0535-1748-4a5a-aa8b-6d63f921211f
T39A,69398ea3-479d-4953-9fa4-69ae8f50dab8
T39B,ea5aaf7b-9b5d-4d8a-b1c1-8dcec3e97cda
T40A,e2fc6382-0342-444d-bad0-9b0315222993
T40B,4a0912a7-35fd-4658-8f11-ea0145d719ab
T41A,417f7f7f-597c-4e79-9c81-8c74f647d6b2
T41B,fe24aa44-03f3-4121-981d-44c0deb3ed69
T42A,3d89e145-6281-4c8d-b857-d82a2f4234e6
T42B,971a357e-82b5-4fe1-a8ff-ff8103def1bf
S43A,ee9db4f2-bb6a-40fd-91de-f304c34bd518
S43B,6f4c3c4b-e5a7-471e-9710-bbf79bd41098
T43A,d9bb2ab1-f830-43d8-b9a4-d8b5c85abc50
T43B,330ccd7e-60ef-48f3-a23d-49e26f843f56
T44A,aebefebd-a45e-465f-acd3-e093fd702fe4
T44B,e5f7d970-5eda-4d5d-b689-e6f090a68a85
S45A,8cc8918a-9a12-4b3c-a14b-d165b55da0e1
S45B,89e7ab84-617d-4a3b-b1e7-3fdb675aacda
T45A,376ee5b7-5f9f-4257-9b4b-b13e756085aa
T45B,b8032ec4-168b-4614-868b-e11d56069098
T46A,f60bbd7e-faed-45dc-9d97-5d0ee6ce0dc3
T46B,e5527067-7565-458d-9823-64fbdad3f487
T47A,79826398-4cc8-47c6-9e89-b9e8ccc21cc9
T47B,37e31583-9d8e-4f28-aac7-269b2da75b50
T48A,420a319f-219b-448b-a1e5-34b4c92c4309
S49A,239ea9e7-1600-4859-b490-4de3fd7a726e
T49A,73edb1fd-cd6a-4643-b562-f6ea3165b153
S50A,86a03f9a-b3a5-4ae7-84ff-465708d846cb
T50A,f2b13875-c83c-4c29-98c7-c5bc49b130ee
T51A,ca2cf189-93e2-4f6e-a016-3d6055daff7a
T52A,8924718b-9c9f-4726-a34d-34f29517a1e1
T53A,710fa913-1c1d-4f35-a974-e4b7a86702e9
S54A,5923b3f3-d216-4ea0-98c8-8d69ddc41efc
T54A,6eff1a76-2d94-425a-90cf-3c6bab32d1ee
T55A,cec8ddbf-6b01-4373-979a-f3ddad94aaf5
T55B,8d64538a-eadb-4ceb-9154-48961ce02ac4
S56A,f76f7504-b2b4-4e09-8b57-d6a5fa517e23
S56B,a812139c-1fc3-41bc-8f2a-a739a85d2d2d
T56A,41ee48c4-cb41-429a-973f-8105129a407a
T56B,00c1313f-a1d0-424d-a018-6ec22b145a88
T57A,e2b09f1c-058c-4c3f-b058-5975cfc962d8
T57B,3387fac0-6016-4124-9cee-3b3487486b3b
S58A,ab375712-4cbd-4f51-8530-1f10539ee203
S58B,ad52f637-26b2-483b-a3c6-91258a98da7d
T58A,9e97273b-8162-4062-a226-4dc7289df9fb
T58B,49861bcc-6b9a-49fa-9f2e-304f1a9ad846
T59A,f108bd99-8f54-4443-81e7-572dd7b182e1
T59B,3bd7f8bc-bb0f-4729-9b1e-a2838bbbbd28
S60A,6a7cdd01-18cf-4dbb-bb66-3b99731432da
T60A,0da98fe5-c9c7-43e6-84e3-7d8878e56ba4
T60B,80396874-18d0-442f-b27b-569e5646a8ed
T61A,c1cb4406-0612-48db-a176-0bb30e2e8c42
T61B,372d4b9d-5b00-45c2-861e-d07c6b4cb791
S62A,bd8589e3-07fb-46ee-92de-479124877450
S62B,235f8387-09c2-4230-bb7a-7c098c762ee8
T62A,1a8627c9-35fa-4fb9-983e-ff900ca9b95b
T62B,57df7e11-801b-440e-8507-0568fa252df3
T63A,08dd4ba5-3274-4936-bfa3-fff90417c5ca
T63B,94b930e8-ffe9-4e08-895b-84efe5cc2204
S64A,6626b7d0-0aef-4486-8349-a2dfaa522c78
S64B,2397e331-6325-4b2f-9005-ebc79e17c6af
T64A,b37bc067-d1db-4ff1-95f5-a8985ba36204
T64B,c15b41f2-aeaa-48b2-9e7b-12d76646429e
T65A,90dd0869-217f-48b4-a676-5e241b8dca4c
T66A,c8a5bb17-50d9-4a76-852d-71bf4da3c17d
T67A,0b7f1862-943a-4637-9a02-432fed31b221
T68A,bd2ff252-33d4-40e7-af95-00f07560fa73
T69A,63a2567f-efb0-456d-a22f-2ef492828dc6
T70A,2de7a63a-b6d4-49ba-9b66-550e0fec55b9
T71A,d04c9c80-da80-4fd4-bb10-956e41d6bc03
T72A,f412e4ec-8a82-4c1b-9d0b-6a3277d0d94c
T73A,82c555db-a331-4fb2-a87f-27b24dfe2124
T74A,43d15022-d378-4fe5-823f-be35b2bda7d2
T75A,b6e162d3-70c5-49c9-82c2-8aa28ff6eb10
T76A,40997487-2b49-4264-81f2-d9039c813870
T77A,2cc75427-3e64-4755-9ce8-999cbef5a4ad
S78A,66bbaabd-965b-41b7-a138-ab9ce7f4d3b2
T78A,98f0dfe9-8457-4b7e-95ba-9751c7b7cd7e
T79A,a552f735-fe5e-4470-9d68-a9fb2cbc8946
T80A,0425d873-c847-4a68-bc4c-9cac72686768
