task_mode_id,task_id,cell_resource_id,machine_resource_id,duration_15minutes,,,,,
d263fdbe-45b3-47ce-8869-036411098c61,86711931-b894-4fba-ae7c-dcc06e0f6b89,71eaf0da-5564-4e44-b715-c3468c54e03d,733f933c-fc40-412d-9ee4-e53cb34d797c,3,,,,,
d160dde2-1cb3-4839-b4ea-96ffdb2391e6,86711931-b894-4fba-ae7c-dcc06e0f6b89,71eaf0da-5564-4e44-b715-c3468c54e03d,2c3bda82-6fba-4b52-a370-ac005ba4bd95,3,,,,,
03516abe-5f6d-4865-b6e7-8920286847c6,a6bfb3d5-5596-4121-a2d0-190ac9616c58,71eaf0da-5564-4e44-b715-c3468c54e03d,733f933c-fc40-412d-9ee4-e53cb34d797c,2,,,,,
43cd9205-8f44-4e36-babb-e25d16d04402,a6bfb3d5-5596-4121-a2d0-190ac9616c58,71eaf0da-5564-4e44-b715-c3468c54e03d,2c3bda82-6fba-4b52-a370-ac005ba4bd95,2,,,,,
abf05aee-294d-49f1-a102-a99749650467,2782415c-b51f-4e7c-94b9-1501c4c9c37e,71eaf0da-5564-4e44-b715-c3468c54e03d,733f933c-fc40-412d-9ee4-e53cb34d797c,1,,,,,
d9000a7e-affc-48c0-9db0-030aae744428,2782415c-b51f-4e7c-94b9-1501c4c9c37e,71eaf0da-5564-4e44-b715-c3468c54e03d,2c3bda82-6fba-4b52-a370-ac005ba4bd95,1,,,,,
377f6778-2536-4c80-bba2-58ea1e9fe818,698d6af1-face-450e-8f4e-5759db7cfa53,71eaf0da-5564-4e44-b715-c3468c54e03d,733f933c-fc40-412d-9ee4-e53cb34d797c,4,,,,,
c4286b54-c4ad-4e82-b8e5-25cb2c409d53,698d6af1-face-450e-8f4e-5759db7cfa53,71eaf0da-5564-4e44-b715-c3468c54e03d,2c3bda82-6fba-4b52-a370-ac005ba4bd95,4,,,,,
2a3b1efb-cecc-41e9-a408-7cb56ec3e433,8140f674-a6d8-4d1a-8474-23d588d6707a,71eaf0da-5564-4e44-b715-c3468c54e03d,733f933c-fc40-412d-9ee4-e53cb34d797c,1,,,,,
ce6d7ca5-53f7-4f8c-bb69-6bbc54f99184,8140f674-a6d8-4d1a-8474-23d588d6707a,71eaf0da-5564-4e44-b715-c3468c54e03d,2c3bda82-6fba-4b52-a370-ac005ba4bd95,1,,,,,
55c35892-668a-46ec-b631-b9c68475e77e,c3164bfc-60f7-4853-8eb4-137b25a6a615,71eaf0da-5564-4e44-b715-c3468c54e03d,733f933c-fc40-412d-9ee4-e53cb34d797c,2,,,,,
697b5f26-5f04-4ad5-9ca7-352aee14e58b,c3164bfc-60f7-4853-8eb4-137b25a6a615,71eaf0da-5564-4e44-b715-c3468c54e03d,2c3bda82-6fba-4b52-a370-ac005ba4bd95,2,,,,,
1ccf1d7a-d555-477c-a16a-000a300743d6,699271d8-db48-4276-878b-651defc4bafa,71eaf0da-5564-4e44-b715-c3468c54e03d,733f933c-fc40-412d-9ee4-e53cb34d797c,1,,,,,
ac84e090-eb38-437d-8ccd-1cdd54d73526,699271d8-db48-4276-878b-651defc4bafa,71eaf0da-5564-4e44-b715-c3468c54e03d,2c3bda82-6fba-4b52-a370-ac005ba4bd95,1,,,,,
baaf60f6-8be9-4b4a-b0fa-924dbbc4a5cd,3f171212-dba9-49ae-b4af-ca56f24067ef,71eaf0da-5564-4e44-b715-c3468c54e03d,733f933c-fc40-412d-9ee4-e53cb34d797c,3,,,,,
6b25027e-6e10-40c8-ad2d-e062d7dde1b9,3f171212-dba9-49ae-b4af-ca56f24067ef,71eaf0da-5564-4e44-b715-c3468c54e03d,2c3bda82-6fba-4b52-a370-ac005ba4bd95,3,,,,,
6e92005d-4922-4b3d-a5cb-243890c3be95,349fbea9-4f42-4122-bbac-89430ffd7f3e,71eaf0da-5564-4e44-b715-c3468c54e03d,733f933c-fc40-412d-9ee4-e53cb34d797c,1,,,,,
13dc49f8-1e33-46dd-9e52-2df5a468c837,349fbea9-4f42-4122-bbac-89430ffd7f3e,71eaf0da-5564-4e44-b715-c3468c54e03d,2c3bda82-6fba-4b52-a370-ac005ba4bd95,1,,,,,
c60b6532-137f-4b10-87b1-e0c921307baf,a3e8ab4e-0d32-4067-b17a-1ca9fa8e6b28,71eaf0da-5564-4e44-b715-c3468c54e03d,733f933c-fc40-412d-9ee4-e53cb34d797c,4,,,,,
6f06383d-56cc-42c8-8a48-756e1982f879,a3e8ab4e-0d32-4067-b17a-1ca9fa8e6b28,71eaf0da-5564-4e44-b715-c3468c54e03d,2c3bda82-6fba-4b52-a370-ac005ba4bd95,4,,,,,
3017919e-3667-42e2-b1d1-2f2672daa8c3,8f34a783-d626-4fae-8f40-38291176c67c,71eaf0da-5564-4e44-b715-c3468c54e03d,6eb6438d-1747-48fa-b8a9-b6dfd71a0743,1,,,,,
805bdb70-5d1d-4207-ae7a-15547ca0be0b,c4d3b69c-1e59-455e-bb3e-99c909f11977,71eaf0da-5564-4e44-b715-c3468c54e03d,ca332d8b-89db-4800-9475-b2f12a72b8f4,4,,,,,
71cec530-48e3-4e2f-9ea3-5b69d423b1c2,062f38d8-ad1a-44e2-941e-97d58adc3e13,71eaf0da-5564-4e44-b715-c3468c54e03d,ca332d8b-89db-4800-9475-b2f12a72b8f4,1,,,,,
1dcdee3e-fb7b-400b-8ae3-a0553acb6535,8eb7f362-e4c3-4fb4-a17f-434a75e27dc5,71eaf0da-5564-4e44-b715-c3468c54e03d,ca332d8b-89db-4800-9475-b2f12a72b8f4,1,,,,,
27658e95-c45b-49b1-8992-7b6d34d0deeb,efcd9fa9-4f40-4af3-9d92-f813674946ee,71eaf0da-5564-4e44-b715-c3468c54e03d,ca332d8b-89db-4800-9475-b2f12a72b8f4,1,,,,,
a67b28ff-b2f5-41b6-a69e-d8afd946f092,b48ca7b6-4bb0-4336-90fc-189e6f6d9444,71eaf0da-5564-4e44-b715-c3468c54e03d,ca332d8b-89db-4800-9475-b2f12a72b8f4,2,,,,,
48906d21-9287-44b2-9353-9c4482e3b963,cb20f9f7-387d-45bb-a4fe-e70335c74503,71eaf0da-5564-4e44-b715-c3468c54e03d,ca332d8b-89db-4800-9475-b2f12a72b8f4,1,,,,,
249970e7-3341-4552-88de-bc057a587ab8,859aa6dd-6842-4e76-ad92-4a6a157ebe90,71eaf0da-5564-4e44-b715-c3468c54e03d,6eb6438d-1747-48fa-b8a9-b6dfd71a0743,2,,,,,
836269c4-19ee-4ce1-b75a-8bd593e139e5,0fd49b9c-4647-4677-a4b6-0d473de019f8,e1c1aab5-05ec-4fbc-a6da-5c9352757641,ca332d8b-89db-4800-9475-b2f12a72b8f4,6,,,,,
d0b92791-842f-44b0-8e66-3c49fbb6a2ac,3169b744-950d-4697-91bd-70fbe57ef6de,bdae843e-b535-4c0c-9264-f34f61dca49d,ca332d8b-89db-4800-9475-b2f12a72b8f4,1,,,,,
ca99febb-6637-4161-8f6b-83e960244554,d54241b8-fb7e-4463-9bf3-200e323902f2,bdae843e-b535-4c0c-9264-f34f61dca49d,eab2fb03-3ea8-45c3-9d33-fdc481966dc7,7,,,,,
9c21fb35-b591-44df-afe1-f9f52377b3c9,42186ee7-4f52-41a0-a7cf-51f70d7abfb6,bdae843e-b535-4c0c-9264-f34f61dca49d,eab2fb03-3ea8-45c3-9d33-fdc481966dc7,1,,,,,
a81af64a-7420-40ff-857f-f3997b4aefca,e7f0ec1b-eccf-496a-903c-e3b7e5e903cf,bdae843e-b535-4c0c-9264-f34f61dca49d,6eb6438d-1747-48fa-b8a9-b6dfd71a0743,7,,,,,
1702e14f-65a0-4777-8939-63b48e06b669,15fb7396-f27a-4985-9098-21681d5c2571,bdae843e-b535-4c0c-9264-f34f61dca49d,c4d2e54b-7ef4-4e96-b5b7-aa87b5be3b66,1,,,,,
2335b45f-a53d-48ca-826c-bd6d4ddefe94,b48de04e-5510-4966-9291-65ee5de5eb34,bdae843e-b535-4c0c-9264-f34f61dca49d,6eb6438d-1747-48fa-b8a9-b6dfd71a0743,15,,,,,
5896eedb-0322-4707-a22e-81a976dcc350,03e9d9e5-446b-42f3-a2c6-ae2ecb7f0a6e,e1c1aab5-05ec-4fbc-a6da-5c9352757641,ca332d8b-89db-4800-9475-b2f12a72b8f4,7,,,,,
a97232f1-993d-45e6-8b78-5278a7f9af0d,1120b4cc-4d84-40d0-a6d8-0fa2f91e5486,bdae843e-b535-4c0c-9264-f34f61dca49d,ca332d8b-89db-4800-9475-b2f12a72b8f4,1,,,,,
355f3f43-e213-4a48-ad2b-99c3464f2897,bd96af77-e9f5-492a-bea5-8ae9396703b4,bdae843e-b535-4c0c-9264-f34f61dca49d,6eb6438d-1747-48fa-b8a9-b6dfd71a0743,7,,,,,
92e80485-3274-49d2-80d2-1ffa7114ad3d,433e8420-3ee7-4011-aa18-a6e02adc5a51,e1c1aab5-05ec-4fbc-a6da-5c9352757641,505524ca-b5b9-49ca-9240-a6c21060115b,55,,,,,
ac32102b-9914-4a65-97c2-94d283f4535b,049ef2eb-a2e4-4eed-9b26-35b64c7076a0,e1c1aab5-05ec-4fbc-a6da-5c9352757641,8630e3b2-c7db-4ef4-a012-85ee5c6fdda0,13,,,,,
b0c6dd21-095c-44d4-b879-829d35744c52,4f3cc922-d79b-4505-80e8-be61959f6d8a,e1c1aab5-05ec-4fbc-a6da-5c9352757641,7ac85200-2100-49e0-839b-ad37e704e1ed,6,,,,,
ccf36dba-a5c9-4725-8038-f07a6fe9b53d,006e37ea-e1e7-45b1-8f01-e754b11db0af,e1c1aab5-05ec-4fbc-a6da-5c9352757641,8630e3b2-c7db-4ef4-a012-85ee5c6fdda0,91,,,,,
5c84e8a2-f91e-460d-82a4-127dbb661688,2b4b66ca-db3d-4ab3-8884-320e0cc0988a,e1c1aab5-05ec-4fbc-a6da-5c9352757641,7ac85200-2100-49e0-839b-ad37e704e1ed,9,,,,,
761556fa-859f-4acf-af13-1ae2933e25e2,3f5425a8-7bde-4016-92ea-d36d140261b2,bdae843e-b535-4c0c-9264-f34f61dca49d,8630e3b2-c7db-4ef4-a012-85ee5c6fdda0,1,,,,,
f444e5c2-425f-4bc2-b999-12fb2383acad,eee56cf4-76a0-4079-a414-6dd95a900e49,bdae843e-b535-4c0c-9264-f34f61dca49d,7ac85200-2100-49e0-839b-ad37e704e1ed,9,,,,,
74660a2d-6ffd-4c48-8363-0c452aeec4be,f3d15339-74ad-4f0b-a9cb-d3015869da40,e1c1aab5-05ec-4fbc-a6da-5c9352757641,8630e3b2-c7db-4ef4-a012-85ee5c6fdda0,9,,,,,
ae6c356a-b4d6-4548-a219-cb0d457c6b99,f8fa4dbf-1f88-4f53-8829-d3795d9a8cd7,de20da6e-ff97-4c79-b79f-a154f1b73271,7ac85200-2100-49e0-839b-ad37e704e1ed,9,,,,,
60e5d69d-33b2-4791-ba82-67262bae8bfd,7165be7b-5d2e-4f67-a9bf-c7ae6d736861,91ba4bf0-6a0f-4d49-af2e-db966832374f,aa6a2760-1884-4c5c-9433-42d2b78eef0b,7,,,,,
d5a4778a-0a41-4abe-bd82-6068cb577c97,7165be7b-5d2e-4f67-a9bf-c7ae6d736861,7cc7000e-c432-4f64-ba05-2175dca04643,477aa476-9dda-4b10-851b-6304e005cce7,7,,,,,
68a8f3a7-fbcd-4ea0-af46-d65cd5942d2c,a51d13c1-7e42-405e-bf41-6302a2210f9d,91ba4bf0-6a0f-4d49-af2e-db966832374f,aa6a2760-1884-4c5c-9433-42d2b78eef0b,7,,,,,
16ee99de-2b59-4920-8547-38e54f632c1e,a51d13c1-7e42-405e-bf41-6302a2210f9d,7cc7000e-c432-4f64-ba05-2175dca04643,477aa476-9dda-4b10-851b-6304e005cce7,7,,,,,
55a56015-6a38-4440-a227-4d6e96370e27,32554d02-738f-4ad2-88cb-e60bd645ae27,91ba4bf0-6a0f-4d49-af2e-db966832374f,aa6a2760-1884-4c5c-9433-42d2b78eef0b,7,,,,,
a01afe4e-5a00-4f99-bff4-f424041b1f18,32554d02-738f-4ad2-88cb-e60bd645ae27,7cc7000e-c432-4f64-ba05-2175dca04643,477aa476-9dda-4b10-851b-6304e005cce7,7,,,,,
9326f8d5-9db3-429e-858f-c87db23936e1,eb903482-8009-44b3-8aff-c902881ac701,91ba4bf0-6a0f-4d49-af2e-db966832374f,aa6a2760-1884-4c5c-9433-42d2b78eef0b,7,,,,,
c1213151-a7f9-4329-ba6b-d951fe183520,eb903482-8009-44b3-8aff-c902881ac701,7cc7000e-c432-4f64-ba05-2175dca04643,477aa476-9dda-4b10-851b-6304e005cce7,7,,,,,
b2fa5f92-f86d-42ad-961a-a7a3ebadf5b8,c30ea316-9463-4522-96a6-4004f37611b5,91ba4bf0-6a0f-4d49-af2e-db966832374f,aa6a2760-1884-4c5c-9433-42d2b78eef0b,7,,,,,
9912b4ba-1ac7-4718-99b2-d0ee50c24d5e,c30ea316-9463-4522-96a6-4004f37611b5,7cc7000e-c432-4f64-ba05-2175dca04643,477aa476-9dda-4b10-851b-6304e005cce7,7,,,,,
e129cd13-2e8d-4b7b-b2f3-7f35dcad6db2,1ed3e46c-a0c7-436a-87b4-25c06504680d,91ba4bf0-6a0f-4d49-af2e-db966832374f,aa6a2760-1884-4c5c-9433-42d2b78eef0b,7,,,,,
46ad273f-42b2-45e5-aafc-01712aa01ecf,1ed3e46c-a0c7-436a-87b4-25c06504680d,7cc7000e-c432-4f64-ba05-2175dca04643,477aa476-9dda-4b10-851b-6304e005cce7,7,,,,,
3435e4e6-4954-4f98-8785-694ff3661516,81b60f18-6884-4808-aae6-4bf04a058487,91ba4bf0-6a0f-4d49-af2e-db966832374f,aa6a2760-1884-4c5c-9433-42d2b78eef0b,7,,,,,
477c0da1-f2a9-4b7c-a630-c292d859b39b,81b60f18-6884-4808-aae6-4bf04a058487,7cc7000e-c432-4f64-ba05-2175dca04643,477aa476-9dda-4b10-851b-6304e005cce7,7,,,,,
62353888-f385-424e-b1b9-8631869f632a,c3f381d1-bec8-4737-aa19-56eb9cdcdc4f,91ba4bf0-6a0f-4d49-af2e-db966832374f,aa6a2760-1884-4c5c-9433-42d2b78eef0b,7,,,,,
23e8a1ba-2e5a-4f0a-bbe9-f83496afc5a6,c3f381d1-bec8-4737-aa19-56eb9cdcdc4f,7cc7000e-c432-4f64-ba05-2175dca04643,477aa476-9dda-4b10-851b-6304e005cce7,7,,,,,
61b0e46d-13db-47fe-9d2a-6a3f557817a4,28fdce3e-7c63-4945-ba6f-ddc3d76d82dd,91ba4bf0-6a0f-4d49-af2e-db966832374f,aa6a2760-1884-4c5c-9433-42d2b78eef0b,9,,,,,
fffb5163-a9c0-4810-b63c-413ea7cb3370,28fdce3e-7c63-4945-ba6f-ddc3d76d82dd,7cc7000e-c432-4f64-ba05-2175dca04643,477aa476-9dda-4b10-851b-6304e005cce7,9,,,,,
3800d037-acd2-404c-8cd5-8d0751b520bd,cf3a02d3-3a41-4e20-ae85-d075683c626b,91ba4bf0-6a0f-4d49-af2e-db966832374f,aa6a2760-1884-4c5c-9433-42d2b78eef0b,9,,,,,
93aa8353-bf61-4d4e-91e9-f917e485ce3c,cf3a02d3-3a41-4e20-ae85-d075683c626b,7cc7000e-c432-4f64-ba05-2175dca04643,477aa476-9dda-4b10-851b-6304e005cce7,9,,,,,
5959799b-349f-4673-a7ba-679c31709cb7,188e22da-529c-49fd-9fdb-b03bfe965b43,91ba4bf0-6a0f-4d49-af2e-db966832374f,aa6a2760-1884-4c5c-9433-42d2b78eef0b,9,,,,,
1f34579f-2096-4c6c-a028-2ec85ff24b18,188e22da-529c-49fd-9fdb-b03bfe965b43,7cc7000e-c432-4f64-ba05-2175dca04643,477aa476-9dda-4b10-851b-6304e005cce7,9,,,,,
5ed31d73-13ae-4dc0-8c96-5dbd895404af,7bf4b8c2-dd01-4426-8cc7-18a8b7c036bf,91ba4bf0-6a0f-4d49-af2e-db966832374f,aa6a2760-1884-4c5c-9433-42d2b78eef0b,9,,,,,
820678ea-5346-45bc-978f-402746957c3f,7bf4b8c2-dd01-4426-8cc7-18a8b7c036bf,7cc7000e-c432-4f64-ba05-2175dca04643,477aa476-9dda-4b10-851b-6304e005cce7,9,,,,,
97bec19d-ea93-405b-bc57-f7e337b92478,991e58c0-079e-42a7-9fe7-047696e0c7b7,91ba4bf0-6a0f-4d49-af2e-db966832374f,aa6a2760-1884-4c5c-9433-42d2b78eef0b,9,,,,,
b39790ed-e3f4-4c45-9513-ceeb5144deea,991e58c0-079e-42a7-9fe7-047696e0c7b7,7cc7000e-c432-4f64-ba05-2175dca04643,477aa476-9dda-4b10-851b-6304e005cce7,9,,,,,
c163cc8f-6559-4f8e-88ec-5ecf7341d03f,68dd258c-7736-4355-8c06-ed2de6f2f881,91ba4bf0-6a0f-4d49-af2e-db966832374f,aa6a2760-1884-4c5c-9433-42d2b78eef0b,9,,,,,
b6ee0e1f-21d7-423a-80da-e239e7e65c73,68dd258c-7736-4355-8c06-ed2de6f2f881,7cc7000e-c432-4f64-ba05-2175dca04643,477aa476-9dda-4b10-851b-6304e005cce7,9,,,,,
0baec3aa-2746-42ee-b6c4-9d70214e972b,b492a51b-7c25-41b4-bc23-090a6fed7bd7,91ba4bf0-6a0f-4d49-af2e-db966832374f,aa6a2760-1884-4c5c-9433-42d2b78eef0b,9,,,,,
c8db0535-1748-4a5a-aa8b-6d63f921211f,b492a51b-7c25-41b4-bc23-090a6fed7bd7,7cc7000e-c432-4f64-ba05-2175dca04643,477aa476-9dda-4b10-851b-6304e005cce7,9,,,,,
69398ea3-479d-4953-9fa4-69ae8f50dab8,fe9f5152-e1c0-41bb-a0e8-85f3784a4fbb,91ba4bf0-6a0f-4d49-af2e-db966832374f,aa6a2760-1884-4c5c-9433-42d2b78eef0b,9,,,,,
ea5aaf7b-9b5d-4d8a-b1c1-8dcec3e97cda,fe9f5152-e1c0-41bb-a0e8-85f3784a4fbb,7cc7000e-c432-4f64-ba05-2175dca04643,477aa476-9dda-4b10-851b-6304e005cce7,9,,,,,
e2fc6382-0342-444d-bad0-9b0315222993,764fa65a-39f8-4a51-adb9-ea1be435ce00,ff3c07db-9f4b-4986-8e4a-438701ab4cca,44964f33-19fe-46be-8200-24b4d7ec8e7a,12,,,,,
4a0912a7-35fd-4658-8f11-ea0145d719ab,764fa65a-39f8-4a51-adb9-ea1be435ce00,74bcbc71-8611-48de-b421-17b4d8f4ce32,e8a62dc1-3d66-4b16-9f4f-55d90763ca8d,12,,,,,
417f7f7f-597c-4e79-9c81-8c74f647d6b2,493a4a8e-4b70-46b6-bc53-2aa1bedf06dd,ff3c07db-9f4b-4986-8e4a-438701ab4cca,44964f33-19fe-46be-8200-24b4d7ec8e7a,15,,,,,
fe24aa44-03f3-4121-981d-44c0deb3ed69,493a4a8e-4b70-46b6-bc53-2aa1bedf06dd,74bcbc71-8611-48de-b421-17b4d8f4ce32,e8a62dc1-3d66-4b16-9f4f-55d90763ca8d,15,,,,,
3d89e145-6281-4c8d-b857-d82a2f4234e6,c7fcc17d-a1f6-4483-b117-cdf822124d09,ff3c07db-9f4b-4986-8e4a-438701ab4cca,44964f33-19fe-46be-8200-24b4d7ec8e7a,15,,,,,
971a357e-82b5-4fe1-a8ff-ff8103def1bf,c7fcc17d-a1f6-4483-b117-cdf822124d09,74bcbc71-8611-48de-b421-17b4d8f4ce32,e8a62dc1-3d66-4b16-9f4f-55d90763ca8d,15,,,,,
ee9db4f2-bb6a-40fd-91de-f304c34bd518,2108b3aa-a54d-4735-ac01-0734ff616b22,ff3c07db-9f4b-4986-8e4a-438701ab4cca,44964f33-19fe-46be-8200-24b4d7ec8e7a,1,,,,,
6f4c3c4b-e5a7-471e-9710-bbf79bd41098,2108b3aa-a54d-4735-ac01-0734ff616b22,74bcbc71-8611-48de-b421-17b4d8f4ce32,e8a62dc1-3d66-4b16-9f4f-55d90763ca8d,1,,,,,
d9bb2ab1-f830-43d8-b9a4-d8b5c85abc50,742cde02-9e95-436d-824d-1ffbb691bc6a,ff3c07db-9f4b-4986-8e4a-438701ab4cca,44964f33-19fe-46be-8200-24b4d7ec8e7a,97,,,,,
330ccd7e-60ef-48f3-a23d-49e26f843f56,742cde02-9e95-436d-824d-1ffbb691bc6a,74bcbc71-8611-48de-b421-17b4d8f4ce32,e8a62dc1-3d66-4b16-9f4f-55d90763ca8d,97,,,,,
aebefebd-a45e-465f-acd3-e093fd702fe4,c57c1e7d-ed00-4ad5-ba45-84c5c63ab0e1,ff3c07db-9f4b-4986-8e4a-438701ab4cca,44964f33-19fe-46be-8200-24b4d7ec8e7a,5,,,,,
e5f7d970-5eda-4d5d-b689-e6f090a68a85,c57c1e7d-ed00-4ad5-ba45-84c5c63ab0e1,74bcbc71-8611-48de-b421-17b4d8f4ce32,e8a62dc1-3d66-4b16-9f4f-55d90763ca8d,5,,,,,
8cc8918a-9a12-4b3c-a14b-d165b55da0e1,879b76a2-8bfa-4775-addc-e3f52a3512ed,ff3c07db-9f4b-4986-8e4a-438701ab4cca,44964f33-19fe-46be-8200-24b4d7ec8e7a,1,,,,,
89e7ab84-617d-4a3b-b1e7-3fdb675aacda,879b76a2-8bfa-4775-addc-e3f52a3512ed,74bcbc71-8611-48de-b421-17b4d8f4ce32,e8a62dc1-3d66-4b16-9f4f-55d90763ca8d,1,,,,,
376ee5b7-5f9f-4257-9b4b-b13e756085aa,813e9239-0b04-40ca-b3cd-e0a121a9e441,ff3c07db-9f4b-4986-8e4a-438701ab4cca,44964f33-19fe-46be-8200-24b4d7ec8e7a,49,,,,,
b8032ec4-168b-4614-868b-e11d56069098,813e9239-0b04-40ca-b3cd-e0a121a9e441,74bcbc71-8611-48de-b421-17b4d8f4ce32,e8a62dc1-3d66-4b16-9f4f-55d90763ca8d,49,,,,,
f60bbd7e-faed-45dc-9d97-5d0ee6ce0dc3,65759d44-6a36-42fc-9f20-038c9d369992,ff3c07db-9f4b-4986-8e4a-438701ab4cca,44964f33-19fe-46be-8200-24b4d7ec8e7a,14,,,,,
e5527067-7565-458d-9823-64fbdad3f487,65759d44-6a36-42fc-9f20-038c9d369992,74bcbc71-8611-48de-b421-17b4d8f4ce32,e8a62dc1-3d66-4b16-9f4f-55d90763ca8d,14,,,,,
79826398-4cc8-47c6-9e89-b9e8ccc21cc9,b6203b50-7aad-4e87-a5ce-81f5a8f39049,ff3c07db-9f4b-4986-8e4a-438701ab4cca,44964f33-19fe-46be-8200-24b4d7ec8e7a,14,,,,,
37e31583-9d8e-4f28-aac7-269b2da75b50,b6203b50-7aad-4e87-a5ce-81f5a8f39049,74bcbc71-8611-48de-b421-17b4d8f4ce32,e8a62dc1-3d66-4b16-9f4f-55d90763ca8d,14,,,,,
420a319f-219b-448b-a1e5-34b4c92c4309,eac5062e-82b9-4275-849b-e2e4df105dbe,f4152f42-0184-495e-8551-113fe5634e32,c0893f09-85f4-434a-84ce-60b2e06b2162,11,,,,,
239ea9e7-1600-4859-b490-4de3fd7a726e,975471b1-d3a2-4daa-851a-657fb8e87b43,f4152f42-0184-495e-8551-113fe5634e32,c0893f09-85f4-434a-84ce-60b2e06b2162,1,,,,,
73edb1fd-cd6a-4643-b562-f6ea3165b153,9a5f737f-a0ba-48b8-b453-bbacd95659e4,f4152f42-0184-495e-8551-113fe5634e32,c0893f09-85f4-434a-84ce-60b2e06b2162,287,,,,,
86a03f9a-b3a5-4ae7-84ff-465708d846cb,1a4318a7-03cb-4518-95ab-6226af9bbe12,f4152f42-0184-495e-8551-113fe5634e32,c0893f09-85f4-434a-84ce-60b2e06b2162,1,,,,,
f2b13875-c83c-4c29-98c7-c5bc49b130ee,8ee1c724-bf4e-4a06-9213-10ef93a6e70d,f4152f42-0184-495e-8551-113fe5634e32,c0893f09-85f4-434a-84ce-60b2e06b2162,95,,,,,
ca2cf189-93e2-4f6e-a016-3d6055daff7a,99b7970b-e063-4af1-ab7d-47c3c418c25b,f4152f42-0184-495e-8551-113fe5634e32,c0893f09-85f4-434a-84ce-60b2e06b2162,4,,,,,
8924718b-9c9f-4726-a34d-34f29517a1e1,43741849-5824-41d5-82a4-c9083ece16bc,d846700c-57d8-4161-a91e-0c8394133f21,43e43e1d-b1f5-4635-9285-d7fd91bd4a4c,9,,,,,
710fa913-1c1d-4f35-a974-e4b7a86702e9,0027d4bf-5c00-4447-9e89-44417fc0daa1,d846700c-57d8-4161-a91e-0c8394133f21,43e43e1d-b1f5-4635-9285-d7fd91bd4a4c,8,,,,,
5923b3f3-d216-4ea0-98c8-8d69ddc41efc,c04784c2-390d-462b-ac04-ebc9f306659f,d846700c-57d8-4161-a91e-0c8394133f21,43e43e1d-b1f5-4635-9285-d7fd91bd4a4c,8,,,,,
6eff1a76-2d94-425a-90cf-3c6bab32d1ee,90bfee12-0143-4604-a977-f9a5918ad521,d846700c-57d8-4161-a91e-0c8394133f21,43e43e1d-b1f5-4635-9285-d7fd91bd4a4c,16,,,,,
cec8ddbf-6b01-4373-979a-f3ddad94aaf5,37a4ccdb-4e05-46dd-b449-02938841d674,63f736fd-6608-480d-b2a1-6a4ecdc26118,3b765e06-3656-4afa-9975-20e87ded2603,12,,,,,
8d64538a-eadb-4ceb-9154-48961ce02ac4,37a4ccdb-4e05-46dd-b449-02938841d674,7ebfbe72-70de-4613-ae06-c9e1cfbc0a4e,7ebfbe72-70de-4613-ae06-c9e1cfbc0a4e,12,,,,,
f76f7504-b2b4-4e09-8b57-d6a5fa517e23,31735305-30ba-42fd-8c22-1160de2a5689,63f736fd-6608-480d-b2a1-6a4ecdc26118,3b765e06-3656-4afa-9975-20e87ded2603,1,,,,,
a812139c-1fc3-41bc-8f2a-a739a85d2d2d,31735305-30ba-42fd-8c22-1160de2a5689,7ebfbe72-70de-4613-ae06-c9e1cfbc0a4e,7ebfbe72-70de-4613-ae06-c9e1cfbc0a4e,1,,,,,
41ee48c4-cb41-429a-973f-8105129a407a,14eb5511-39e2-4194-93b6-39e2eba7ace2,63f736fd-6608-480d-b2a1-6a4ecdc26118,3b765e06-3656-4afa-9975-20e87ded2603,97,,,,,
00c1313f-a1d0-424d-a018-6ec22b145a88,14eb5511-39e2-4194-93b6-39e2eba7ace2,7ebfbe72-70de-4613-ae06-c9e1cfbc0a4e,7ebfbe72-70de-4613-ae06-c9e1cfbc0a4e,97,,,,,
e2b09f1c-058c-4c3f-b058-5975cfc962d8,7862ce4c-d3f7-408b-a527-7cfbd3378306,63f736fd-6608-480d-b2a1-6a4ecdc26118,3b765e06-3656-4afa-9975-20e87ded2603,4,,,,,
3387fac0-6016-4124-9cee-3b3487486b3b,7862ce4c-d3f7-408b-a527-7cfbd3378306,7ebfbe72-70de-4613-ae06-c9e1cfbc0a4e,7ebfbe72-70de-4613-ae06-c9e1cfbc0a4e,4,,,,,
ab375712-4cbd-4f51-8530-1f10539ee203,7b98342f-525e-49c9-a2be-43f317c5e70f,63f736fd-6608-480d-b2a1-6a4ecdc26118,3b765e06-3656-4afa-9975-20e87ded2603,1,,,,,
ad52f637-26b2-483b-a3c6-91258a98da7d,7b98342f-525e-49c9-a2be-43f317c5e70f,7ebfbe72-70de-4613-ae06-c9e1cfbc0a4e,7ebfbe72-70de-4613-ae06-c9e1cfbc0a4e,1,,,,,
9e97273b-8162-4062-a226-4dc7289df9fb,f076d44c-6cd7-4ad1-ab33-f14731247034,63f736fd-6608-480d-b2a1-6a4ecdc26118,3b765e06-3656-4afa-9975-20e87ded2603,97,,,,,
49861bcc-6b9a-49fa-9f2e-304f1a9ad846,f076d44c-6cd7-4ad1-ab33-f14731247034,7ebfbe72-70de-4613-ae06-c9e1cfbc0a4e,7ebfbe72-70de-4613-ae06-c9e1cfbc0a4e,97,,,,,
f108bd99-8f54-4443-81e7-572dd7b182e1,879d8270-0475-446f-b46a-81b002b46f25,63f736fd-6608-480d-b2a1-6a4ecdc26118,3b765e06-3656-4afa-9975-20e87ded2603,4,,,,,
3bd7f8bc-bb0f-4729-9b1e-a2838bbbbd28,879d8270-0475-446f-b46a-81b002b46f25,7ebfbe72-70de-4613-ae06-c9e1cfbc0a4e,7ebfbe72-70de-4613-ae06-c9e1cfbc0a4e,4,,,,,
6a7cdd01-18cf-4dbb-bb66-3b99731432da,bce6b5f0-7aa3-43ec-b0c3-2200b9bb476b,63f736fd-6608-480d-b2a1-6a4ecdc26118,3b765e06-3656-4afa-9975-20e87ded2603,1,,,,,
77185e3e-4ba4-411f-8ccc-a94e054dced2,ce89037a-0210-4131-825f-3b62633538d6,7ebfbe72-70de-4613-ae06-c9e1cfbc0a4e,7ebfbe72-70de-4613-ae06-c9e1cfbc0a4e,1,,,,,
0da98fe5-c9c7-43e6-84e3-7d8878e56ba4,ce89037a-0210-4131-825f-3b62633538d6,63f736fd-6608-480d-b2a1-6a4ecdc26118,3b765e06-3656-4afa-9975-20e87ded2603,97,,,,,
80396874-18d0-442f-b27b-569e5646a8ed,ce89037a-0210-4131-825f-3b62633538d6,7ebfbe72-70de-4613-ae06-c9e1cfbc0a4e,7ebfbe72-70de-4613-ae06-c9e1cfbc0a4e,97,,,,,
c1cb4406-0612-48db-a176-0bb30e2e8c42,80cd4948-3f31-427a-be35-f06d1420ba2b,63f736fd-6608-480d-b2a1-6a4ecdc26118,3b765e06-3656-4afa-9975-20e87ded2603,4,,,,,
372d4b9d-5b00-45c2-861e-d07c6b4cb791,80cd4948-3f31-427a-be35-f06d1420ba2b,7ebfbe72-70de-4613-ae06-c9e1cfbc0a4e,7ebfbe72-70de-4613-ae06-c9e1cfbc0a4e,4,,,,,
bd8589e3-07fb-46ee-92de-479124877450,accc14d4-e84b-4495-9351-a33f12fd3da4,63f736fd-6608-480d-b2a1-6a4ecdc26118,3b765e06-3656-4afa-9975-20e87ded2603,1,,,,,
235f8387-09c2-4230-bb7a-7c098c762ee8,accc14d4-e84b-4495-9351-a33f12fd3da4,7ebfbe72-70de-4613-ae06-c9e1cfbc0a4e,7ebfbe72-70de-4613-ae06-c9e1cfbc0a4e,1,,,,,
1a8627c9-35fa-4fb9-983e-ff900ca9b95b,e62f3c0c-520b-436a-b961-cf59350d158a,63f736fd-6608-480d-b2a1-6a4ecdc26118,3b765e06-3656-4afa-9975-20e87ded2603,97,,,,,
57df7e11-801b-440e-8507-0568fa252df3,e62f3c0c-520b-436a-b961-cf59350d158a,7ebfbe72-70de-4613-ae06-c9e1cfbc0a4e,7ebfbe72-70de-4613-ae06-c9e1cfbc0a4e,97,,,,,
08dd4ba5-3274-4936-bfa3-fff90417c5ca,331721d2-6709-40b1-8fb9-49e2e50e7de1,63f736fd-6608-480d-b2a1-6a4ecdc26118,3b765e06-3656-4afa-9975-20e87ded2603,4,,,,,
94b930e8-ffe9-4e08-895b-84efe5cc2204,331721d2-6709-40b1-8fb9-49e2e50e7de1,7ebfbe72-70de-4613-ae06-c9e1cfbc0a4e,7ebfbe72-70de-4613-ae06-c9e1cfbc0a4e,4,,,,,
6626b7d0-0aef-4486-8349-a2dfaa522c78,d0ca3261-d9f4-40c3-96f8-858655d3e774,63f736fd-6608-480d-b2a1-6a4ecdc26118,3b765e06-3656-4afa-9975-20e87ded2603,1,,,,,
2397e331-6325-4b2f-9005-ebc79e17c6af,d0ca3261-d9f4-40c3-96f8-858655d3e774,7ebfbe72-70de-4613-ae06-c9e1cfbc0a4e,7ebfbe72-70de-4613-ae06-c9e1cfbc0a4e,1,,,,,
b37bc067-d1db-4ff1-95f5-a8985ba36204,47d43e6c-5cd6-4883-87ac-4dcffc063465,63f736fd-6608-480d-b2a1-6a4ecdc26118,3b765e06-3656-4afa-9975-20e87ded2603,290,,,,,
c15b41f2-aeaa-48b2-9e7b-12d76646429e,47d43e6c-5cd6-4883-87ac-4dcffc063465,7ebfbe72-70de-4613-ae06-c9e1cfbc0a4e,7ebfbe72-70de-4613-ae06-c9e1cfbc0a4e,290,,,,,
90dd0869-217f-48b4-a676-5e241b8dca4c,8d09cf09-c28c-452c-9ea7-a58b77e24cc3,68766f04-9494-4fe1-a774-18ae0cc6df40,f4889ffc-68d5-4c07-82b1-1883739d2f5a,13,,,,,
c8a5bb17-50d9-4a76-852d-71bf4da3c17d,92c282b4-b65a-4667-9a94-32eaa75dc989,68766f04-9494-4fe1-a774-18ae0cc6df40,f4889ffc-68d5-4c07-82b1-1883739d2f5a,7,,,,,
0b7f1862-943a-4637-9a02-432fed31b221,e91c42d7-1b92-486e-a7d5-57327714d073,d846700c-57d8-4161-a91e-0c8394133f21,43e43e1d-b1f5-4635-9285-d7fd91bd4a4c,10,,,,,
bd2ff252-33d4-40e7-af95-00f07560fa73,c0402ed8-f6d2-4f85-bc46-f677d5d1b05b,d846700c-57d8-4161-a91e-0c8394133f21,43e43e1d-b1f5-4635-9285-d7fd91bd4a4c,9,,,,,
63a2567f-efb0-456d-a22f-2ef492828dc6,b9b9f3ff-463a-47ec-82cf-1c197a50580f,9f55118c-0078-4a78-a236-b469bd1b64bb,7ad56bf3-ab3d-410a-98b3-0499b3e2058f,5,,,,,
2de7a63a-b6d4-49ba-9b66-550e0fec55b9,7c9814db-10ff-49ed-acd9-824d1a1615fd,1b9801f0-b5ed-4751-84d5-6d6b69ed65ba,75fc7e90-1ffc-47fd-9121-165e54ddb6e8,11,,,,,
d04c9c80-da80-4fd4-bb10-956e41d6bc03,1de4480f-aa60-4088-9c53-2b40764033c1,1b9801f0-b5ed-4751-84d5-6d6b69ed65ba,75fc7e90-1ffc-47fd-9121-165e54ddb6e8,8,,,,,
f412e4ec-8a82-4c1b-9d0b-6a3277d0d94c,6a7e94f8-4a95-48cf-b007-f67a5d3a7d86,1b9801f0-b5ed-4751-84d5-6d6b69ed65ba,75fc7e90-1ffc-47fd-9121-165e54ddb6e8,8,,,,,
82c555db-a331-4fb2-a87f-27b24dfe2124,8d419716-f359-4842-9eb9-883c4a23efda,1b9801f0-b5ed-4751-84d5-6d6b69ed65ba,75fc7e90-1ffc-47fd-9121-165e54ddb6e8,8,,,,,
43d15022-d378-4fe5-823f-be35b2bda7d2,a05b59f5-e125-414b-8608-9ff4e1d19a44,1b9801f0-b5ed-4751-84d5-6d6b69ed65ba,75fc7e90-1ffc-47fd-9121-165e54ddb6e8,8,,,,,
b6e162d3-70c5-49c9-82c2-8aa28ff6eb10,86cc335c-8423-42a5-a55f-05634c445344,1b9801f0-b5ed-4751-84d5-6d6b69ed65ba,75fc7e90-1ffc-47fd-9121-165e54ddb6e8,8,,,,,
40997487-2b49-4264-81f2-d9039c813870,60e0ecda-3189-4397-8b73-bae8a9ff5736,1b9801f0-b5ed-4751-84d5-6d6b69ed65ba,75fc7e90-1ffc-47fd-9121-165e54ddb6e8,8,,,,,
2cc75427-3e64-4755-9ce8-999cbef5a4ad,1ba9bc63-0012-4e55-9e3e-d1fe1cac2549,1b9801f0-b5ed-4751-84d5-6d6b69ed65ba,75fc7e90-1ffc-47fd-9121-165e54ddb6e8,5,,,,,
66bbaabd-965b-41b7-a138-ab9ce7f4d3b2,6ef19acc-112d-443b-a05d-5a5f0ff79afe,1b9801f0-b5ed-4751-84d5-6d6b69ed65ba,75fc7e90-1ffc-47fd-9121-165e54ddb6e8,1,,,,,
98f0dfe9-8457-4b7e-95ba-9751c7b7cd7e,e1e23815-3463-4b3d-965e-75389f65ece7,1b9801f0-b5ed-4751-84d5-6d6b69ed65ba,75fc7e90-1ffc-47fd-9121-165e54ddb6e8,24,,,,,
a552f735-fe5e-4470-9d68-a9fb2cbc8946,f2929520-7ec7-46f3-9acd-997217268f82,1b9801f0-b5ed-4751-84d5-6d6b69ed65ba,75fc7e90-1ffc-47fd-9121-165e54ddb6e8,8,,,,,
0425d873-c847-4a68-bc4c-9cac72686768,3acbbdb6-ab5d-4f97-b490-3ae47d7688f2,b8866cc9-5909-4eb8-8f1e-ddec1d1c1e61,9a0c9bbc-5234-4fb6-9f99-f74c5c9a6420,8,,,,,